{"polyfill":["/polyfill-0c3dedac67ef3d7bf00e.js"],"app":["/app-fa9c2d539530dc2c4f4b.js"],"component---src-pages-404-js":["/component---src-pages-404-js-fb98d48337f5c37c62de.js"],"component---src-pages-index-js":["/component---src-pages-index-js-4a887abbea10293c60fd.js"],"component---src-pages-services-js":["/component---src-pages-services-js-bf1a824149b9ff013252.js"],"component---src-pages-team-js":["/component---src-pages-team-js-2799ce433d6e5ae96dc6.js"],"component---src-templates-basic-js":["/component---src-templates-basic-js-1f302041c38b7d6587bb.js"],"component---src-templates-contact-js":["/component---src-templates-contact-js-7b6696b34d36e47776ae.js"],"component---src-templates-service-js":["/component---src-templates-service-js-0c05fb9daff3e9eb1bb6.js"],"component---src-templates-team-js":["/component---src-templates-team-js-32647c8d4d106cfe3137.js"]}