{"namedChunkGroups":{"polyfill":{"name":"polyfill","assets":[{"name":"webpack-runtime-11b19d5e1c3d9990f4c9.js","size":4649},{"name":"polyfill-0c3dedac67ef3d7bf00e.js","size":82596}],"filteredAssets":0,"assetsSize":87245,"filteredAuxiliaryAssets":2,"auxiliaryAssetsSize":219825},"app":{"name":"app","assets":[{"name":"webpack-runtime-11b19d5e1c3d9990f4c9.js","size":4649},{"name":"framework-ce24d1ad8fc8f409481d.js","size":128888},{"name":"app-fa9c2d539530dc2c4f4b.js","size":103818}],"filteredAssets":0,"assetsSize":237355,"filteredAuxiliaryAssets":3,"auxiliaryAssetsSize":795552},"component---src-pages-404-js":{"name":"component---src-pages-404-js","assets":[{"name":"styles.dd7c6117c38b35af936c.css","size":73112},{"name":"commons-06c9078b789dc5ecb93c.js","size":22722},{"name":"component---src-pages-404-js-fb98d48337f5c37c62de.js","size":430}],"filteredAssets":0,"assetsSize":96264,"filteredAuxiliaryAssets":2,"auxiliaryAssetsSize":80056},"component---src-pages-index-js":{"name":"component---src-pages-index-js","assets":[{"name":"styles.dd7c6117c38b35af936c.css","size":73112},{"name":"commons-06c9078b789dc5ecb93c.js","size":22722},{"name":"component---src-pages-index-js-4a887abbea10293c60fd.js","size":4236}],"filteredAssets":0,"assetsSize":100070,"filteredAuxiliaryAssets":2,"auxiliaryAssetsSize":91104},"component---src-pages-services-js":{"name":"component---src-pages-services-js","assets":[{"name":"styles.dd7c6117c38b35af936c.css","size":73112},{"name":"commons-06c9078b789dc5ecb93c.js","size":22722},{"name":"component---src-pages-services-js-bf1a824149b9ff013252.js","size":1531}],"filteredAssets":0,"assetsSize":97365,"filteredAuxiliaryAssets":2,"auxiliaryAssetsSize":83120},"component---src-pages-team-js":{"name":"component---src-pages-team-js","assets":[{"name":"styles.dd7c6117c38b35af936c.css","size":73112},{"name":"commons-06c9078b789dc5ecb93c.js","size":22722},{"name":"component---src-pages-team-js-2799ce433d6e5ae96dc6.js","size":3407}],"filteredAssets":0,"assetsSize":99241,"filteredAuxiliaryAssets":2,"auxiliaryAssetsSize":87142},"component---src-templates-basic-js":{"name":"component---src-templates-basic-js","assets":[{"name":"styles.dd7c6117c38b35af936c.css","size":73112},{"name":"commons-06c9078b789dc5ecb93c.js","size":22722},{"name":"component---src-templates-basic-js-1f302041c38b7d6587bb.js","size":730}],"filteredAssets":0,"assetsSize":96564,"filteredAuxiliaryAssets":2,"auxiliaryAssetsSize":80970},"component---src-templates-contact-js":{"name":"component---src-templates-contact-js","assets":[{"name":"styles.dd7c6117c38b35af936c.css","size":73112},{"name":"commons-06c9078b789dc5ecb93c.js","size":22722},{"name":"component---src-templates-contact-js-7b6696b34d36e47776ae.js","size":1498}],"filteredAssets":0,"assetsSize":97332,"filteredAuxiliaryAssets":2,"auxiliaryAssetsSize":82784},"component---src-templates-service-js":{"name":"component---src-templates-service-js","assets":[{"name":"styles.dd7c6117c38b35af936c.css","size":73112},{"name":"commons-06c9078b789dc5ecb93c.js","size":22722},{"name":"component---src-templates-service-js-0c05fb9daff3e9eb1bb6.js","size":792}],"filteredAssets":0,"assetsSize":96626,"filteredAuxiliaryAssets":2,"auxiliaryAssetsSize":81064},"component---src-templates-team-js":{"name":"component---src-templates-team-js","assets":[{"name":"styles.dd7c6117c38b35af936c.css","size":73112},{"name":"commons-06c9078b789dc5ecb93c.js","size":22722},{"name":"component---src-templates-team-js-32647c8d4d106cfe3137.js","size":776}],"filteredAssets":0,"assetsSize":96610,"filteredAuxiliaryAssets":2,"auxiliaryAssetsSize":81009}},"assetsByChunkName":{"polyfill":["webpack-runtime-11b19d5e1c3d9990f4c9.js","polyfill-0c3dedac67ef3d7bf00e.js"],"app":["webpack-runtime-11b19d5e1c3d9990f4c9.js","framework-ce24d1ad8fc8f409481d.js","app-fa9c2d539530dc2c4f4b.js"],"component---src-pages-404-js":["styles.dd7c6117c38b35af936c.css","commons-06c9078b789dc5ecb93c.js","component---src-pages-404-js-fb98d48337f5c37c62de.js"],"component---src-pages-index-js":["styles.dd7c6117c38b35af936c.css","commons-06c9078b789dc5ecb93c.js","component---src-pages-index-js-4a887abbea10293c60fd.js"],"component---src-pages-services-js":["styles.dd7c6117c38b35af936c.css","commons-06c9078b789dc5ecb93c.js","component---src-pages-services-js-bf1a824149b9ff013252.js"],"component---src-pages-team-js":["styles.dd7c6117c38b35af936c.css","commons-06c9078b789dc5ecb93c.js","component---src-pages-team-js-2799ce433d6e5ae96dc6.js"],"component---src-templates-basic-js":["styles.dd7c6117c38b35af936c.css","commons-06c9078b789dc5ecb93c.js","component---src-templates-basic-js-1f302041c38b7d6587bb.js"],"component---src-templates-contact-js":["styles.dd7c6117c38b35af936c.css","commons-06c9078b789dc5ecb93c.js","component---src-templates-contact-js-7b6696b34d36e47776ae.js"],"component---src-templates-service-js":["styles.dd7c6117c38b35af936c.css","commons-06c9078b789dc5ecb93c.js","component---src-templates-service-js-0c05fb9daff3e9eb1bb6.js"],"component---src-templates-team-js":["styles.dd7c6117c38b35af936c.css","commons-06c9078b789dc5ecb93c.js","component---src-templates-team-js-32647c8d4d106cfe3137.js"]},"childAssetsByChunkName":{}}