{"namedChunkGroups":{"polyfill":{"name":"polyfill","assets":[{"name":"webpack-runtime-bca69549cb85b0614743.js","size":4649},{"name":"polyfill-0c3dedac67ef3d7bf00e.js","size":82596}],"filteredAssets":0,"assetsSize":87245,"filteredAuxiliaryAssets":2,"auxiliaryAssetsSize":219825},"app":{"name":"app","assets":[{"name":"webpack-runtime-bca69549cb85b0614743.js","size":4649},{"name":"framework-ce24d1ad8fc8f409481d.js","size":128888},{"name":"app-fa9c2d539530dc2c4f4b.js","size":103818}],"filteredAssets":0,"assetsSize":237355,"filteredAuxiliaryAssets":3,"auxiliaryAssetsSize":795552},"component---src-pages-404-js":{"name":"component---src-pages-404-js","assets":[{"name":"styles.86e3c2733376301329b3.css","size":73112},{"name":"commons-985c154fa7e033a74a16.js","size":22846},{"name":"component---src-pages-404-js-fb98d48337f5c37c62de.js","size":430}],"filteredAssets":0,"assetsSize":96388,"filteredAuxiliaryAssets":2,"auxiliaryAssetsSize":80180},"component---src-pages-index-js":{"name":"component---src-pages-index-js","assets":[{"name":"styles.86e3c2733376301329b3.css","size":73112},{"name":"commons-985c154fa7e033a74a16.js","size":22846},{"name":"component---src-pages-index-js-d7efd9cf612bb6ecde81.js","size":4243}],"filteredAssets":0,"assetsSize":100201,"filteredAuxiliaryAssets":2,"auxiliaryAssetsSize":91235},"component---src-pages-services-js":{"name":"component---src-pages-services-js","assets":[{"name":"styles.86e3c2733376301329b3.css","size":73112},{"name":"commons-985c154fa7e033a74a16.js","size":22846},{"name":"component---src-pages-services-js-b68ac572aceef245e3e1.js","size":1534}],"filteredAssets":0,"assetsSize":97492,"filteredAuxiliaryAssets":2,"auxiliaryAssetsSize":83249},"component---src-pages-team-js":{"name":"component---src-pages-team-js","assets":[{"name":"styles.86e3c2733376301329b3.css","size":73112},{"name":"commons-985c154fa7e033a74a16.js","size":22846},{"name":"component---src-pages-team-js-b6b1651288c6a255066b.js","size":3460}],"filteredAssets":0,"assetsSize":99418,"filteredAuxiliaryAssets":2,"auxiliaryAssetsSize":87404},"component---src-templates-basic-js":{"name":"component---src-templates-basic-js","assets":[{"name":"styles.86e3c2733376301329b3.css","size":73112},{"name":"commons-985c154fa7e033a74a16.js","size":22846},{"name":"component---src-templates-basic-js-1f302041c38b7d6587bb.js","size":730}],"filteredAssets":0,"assetsSize":96688,"filteredAuxiliaryAssets":2,"auxiliaryAssetsSize":81094},"component---src-templates-contact-js":{"name":"component---src-templates-contact-js","assets":[{"name":"styles.86e3c2733376301329b3.css","size":73112},{"name":"commons-985c154fa7e033a74a16.js","size":22846},{"name":"component---src-templates-contact-js-7b6696b34d36e47776ae.js","size":1498}],"filteredAssets":0,"assetsSize":97456,"filteredAuxiliaryAssets":2,"auxiliaryAssetsSize":82908},"component---src-templates-service-js":{"name":"component---src-templates-service-js","assets":[{"name":"styles.86e3c2733376301329b3.css","size":73112},{"name":"commons-985c154fa7e033a74a16.js","size":22846},{"name":"component---src-templates-service-js-0c05fb9daff3e9eb1bb6.js","size":792}],"filteredAssets":0,"assetsSize":96750,"filteredAuxiliaryAssets":2,"auxiliaryAssetsSize":81188},"component---src-templates-team-js":{"name":"component---src-templates-team-js","assets":[{"name":"styles.86e3c2733376301329b3.css","size":73112},{"name":"commons-985c154fa7e033a74a16.js","size":22846},{"name":"component---src-templates-team-js-32647c8d4d106cfe3137.js","size":776}],"filteredAssets":0,"assetsSize":96734,"filteredAuxiliaryAssets":2,"auxiliaryAssetsSize":81133}},"assetsByChunkName":{"polyfill":["webpack-runtime-bca69549cb85b0614743.js","polyfill-0c3dedac67ef3d7bf00e.js"],"app":["webpack-runtime-bca69549cb85b0614743.js","framework-ce24d1ad8fc8f409481d.js","app-fa9c2d539530dc2c4f4b.js"],"component---src-pages-404-js":["styles.86e3c2733376301329b3.css","commons-985c154fa7e033a74a16.js","component---src-pages-404-js-fb98d48337f5c37c62de.js"],"component---src-pages-index-js":["styles.86e3c2733376301329b3.css","commons-985c154fa7e033a74a16.js","component---src-pages-index-js-d7efd9cf612bb6ecde81.js"],"component---src-pages-services-js":["styles.86e3c2733376301329b3.css","commons-985c154fa7e033a74a16.js","component---src-pages-services-js-b68ac572aceef245e3e1.js"],"component---src-pages-team-js":["styles.86e3c2733376301329b3.css","commons-985c154fa7e033a74a16.js","component---src-pages-team-js-b6b1651288c6a255066b.js"],"component---src-templates-basic-js":["styles.86e3c2733376301329b3.css","commons-985c154fa7e033a74a16.js","component---src-templates-basic-js-1f302041c38b7d6587bb.js"],"component---src-templates-contact-js":["styles.86e3c2733376301329b3.css","commons-985c154fa7e033a74a16.js","component---src-templates-contact-js-7b6696b34d36e47776ae.js"],"component---src-templates-service-js":["styles.86e3c2733376301329b3.css","commons-985c154fa7e033a74a16.js","component---src-templates-service-js-0c05fb9daff3e9eb1bb6.js"],"component---src-templates-team-js":["styles.86e3c2733376301329b3.css","commons-985c154fa7e033a74a16.js","component---src-templates-team-js-32647c8d4d106cfe3137.js"]},"childAssetsByChunkName":{}}